Bolesławiec,0.0012474248
Gromadka,0.0005068065
Osiecznica,0.0006960216
Warta Bolesławiecka,0.0007641096
Dzierżoniów,0.0008622042
Łagiewniki,0.0006966639
Głogów,0.0005710405
Jerzmanowa,0.0003840277
Kotla,0.0003959569
Pęcław,0.0002168357
Żukowice,0.0003320899
Aleksandrów Kujawski,0.001049584
Bądkowo,0.0004131166
Koneck,0.0003077727
Raciążek,0.0002917142
Waganiec,0.0004191729
Zakrzewo,0.0003371369
Bobrowo,0.0005744357
Brodnica,0.0006719797
Brzozie,0.0003430097
Bartniczka,0.000433855
Osiek,0.0003779714
Świedziebnia,0.0004767082
Zbiczno,0.0004300927
Białe Błota,0.0016130999
Dąbrowa Chełmińska,0.0007123554
Dobrcz,0.0009399273
Nowa Wieś Wielka,0.0008451363
Osielsko,0.0010376548
Sicienko,0.0008759686
Skarbimierz,0.0006970309
Lubsza,0.0008256825
Olszanka,0.0004604662
Białogard,0.0007361219
Bierzwnik,0.0004488123
Krzęcin,0.0003559483
Ostrowice,0.0002416117
Wierzchowo,0.0004063261
Osina,0.0002726276
Przybiernów,0.0004836822
Stepnica,0.0004518405
Brojce,0.0003520942
Karnice,0.0003863218
Rewal,0.000343652
Banie,0.0006055433
Stare Czarnowo,0.0003532871
Widuchowa,0.0005148816
Świerzno,0.0003999027
Dygowo,0.0005113946
Kołobrzeg,0.0009190054
Rymań,0.0003798066
Siemyśl,0.0003368616
Ustronie Morskie,0.0003339252
Będzino,0.0007778741
Biesiekierz,0.0005542479
Manowo,0.0006205007
Mielno,0.0004683578
Świeszyno,0.0005882002
Boleszkowice,0.0002680394
Nowogródek Pomorski,0.0003130032
Dobra (Szczecińska),0.0015395978
Kołbaskowo,0.0009918651
Bielice,0.0002884108
Kozielice,0.0002406023
Przelewice,0.0004964373
Warnice,0.0003300711
Darłowo,0.0007274962
Malechowo,0.0006076539
Postomino,0.0006485801
Sławno,0.0008170568
Dolice,0.000748877
Kobylanka,0.000410639
Marianowo,0.00029566
Stara Dąbrowa,0.0003360357
Stargard Szczeciński,0.001122352
Grzmiąca,0.0004674402
Szczecinek,0.0008728487
Brzeżno,0.00026703
Rąbino,0.0003571412
Sławoborze,0.0003925617
Świdwin,0.00056581
Wałcz,0.0011667652
Radowo Małe,0.000343285
Budzyń,0.0007712671
Chodzież,0.0005268108
Czarnków,0.001014347
Drawsko,0.0005519538
Lubasz,0.0006732644
Połajewo,0.0005738851
Gniezno,0.0009023045
Kiszkowo,0.000491115
Łubowo,0.0005461727
Mieleszyn,0.0003726491
Niechanowo,0.0005133216
Pępowo,0.0005521373
Piaski,0.0007801681
Granowo,0.000460558
Kamieniec,0.0005956329
Jaraczewo,0.0007678719
Kotlin,0.0006600505
Blizanów,0.0008833096
Brzeziny,0.0005358953
Ceków-Kolonia,0.0004381678
Godziesze Wielkie,0.0008154968
Koźminek,0.0006905158
Lisków,0.0004966208
Mycielin,0.0004487206
Opatówek,0.0009809453
Szczytniki,0.0007304326
Żelazków,0.0008457786
Baranów,0.0007096942
Bralin,0.0005455304
Łęka Opatowska,0.0004886374
Perzów,0.0003531036
Rychtal,0.0003629222
Trzcinica,0.000443123
Babiak,0.0007374066
Chodów,0.0003112597
Grzegorzew,0.0005210297
Koło,0.0006824406
Kościelec,0.0006062774
Olszówka,0.0004309186
Osiek Mały,0.0005466316
Grodziec,0.0004833152
Kazimierz Biskupi,0.0010159988
Kramsk,0.000971402
Krzymów,0.0006825324
Rzgów,0.0006480296
Skulsk,0.0005742522
Stare Miasto,0.0010312314
Wierzbinek,0.0007023532
Wilczyn,0.0005874661
Kościan,0.0014257201
Rozdrażew,0.0004753318
Krzemieniewo,0.0007727353
Lipno,0.000621143
Święciechowa,0.0006851018
Wijewo,0.0003401651
Włoszakowice,0.0008180662
Chrzypsko Wielkie,0.0003103421
Kwilcz,0.0005745275
Kuślin,0.0005161663
Miedzichowo,0.0003381463
Ryczywół,0.0006762008
Ostrów Wielkopolski,0.0017017429
Przygodzice,0.0010877574
Sieroszewice,0.0008882648
Sośnie,0.0006037081
Czajków,0.0002330778
Doruchów,0.0004797364
Kobyla Góra,0.0005564502
Kraszewice,0.0003350263
Białośliwie,0.0004578051
Kaczory,0.0007134565
Miasteczko Krajeńskie,0.0002996059
Szydłowo,0.0007742035
Chocz,0.0004378925
Czermin,0.0004479865
Dobrzyca,0.0007653025
Gizałki,0.0004286245
Gołuchów,0.0009403861
Czerwonak,0.0023906987
Dopiewo,0.0017050463
Kleszczewo,0.0005716828
Komorniki,0.0018364508
Rokietnica,0.0011696099
Suchy Las,0.0013720388
Tarnowo Podgórne,0.0020029087
Pakosław,0.000435782
Lądek,0.000523232
Orchowo,0.000361454
Ostrowite,0.000469826
Powidz,0.0002002266
Słupca,0.0008574325
Strzałkowo,0.0009258876
Duszniki,0.0007786082
Kaźmierz,0.0007030873
Obrzycko,0.000401738
Dominowo,0.0002690488
Krzykosy,0.0006167384
Nowe Miasto nad Wartą,0.000837887
Zaniemyśl,0.0005991199
Brodnica,0.0004498217
Brudzew,0.0005532385
Kawęczyn,0.0004800117
Malanów,0.0005988447
Przykona,0.0003965075
Turek,0.000779434
Władysławów,0.0007424536
Damasławek,0.000516258
Mieścisko,0.0005548902
Wapno,0.0002859332
Wągrowiec,0.0010770211
Przemęt,0.0012665115
Siedlec,0.0011373093
Kołaczkowo,0.0005609466
Lipka,0.0005194697
Tarnówka,0.0002874931
Zakrzewo,0.000451657
Złotów,0.0008698205
Bartoszyce,0.0010135212
Górowo Iławeckie,0.0006596834
Braniewo,0.0005853555
Lelkowo,0.0002831803
Płoskinia,0.000243447
Wilczęta,0.0002885025
Działdowo,0.0008971658
Iłowo-Osada,0.000676109
Płośnica,0.0005459892
Rybno,0.0006764761
Elbląg,0.0006561047
Godkowo,0.0003053869
Gronowo Elbląskie,0.0004746895
Markusy,0.0003871477
Milejewo,0.0002936413
Rychliki,0.000377329
Ełk,0.0010029684
Kalinowo,0.0006471119
Prostki,0.0006929934
Stare Juchy,0.0003646657
Giżycko,0.0007366725
Kruklanki,0.0002880437
Miłki,0.0003596188
Wydminy,0.0006090303
Iława,0.0011573136
Lubawa,0.0009701173
Barciany,0.000622336
Kętrzyn,0.0007743871
Srokowo,0.0003778796
Kiwity,0.000314655
Lidzbark Warmiński,0.000624263
Lubomino,0.0003351181
Mrągowo,0.0007217152
Piecki,0.0007274962
Sorkwity,0.0004355067
Janowiec Kościelny,0.0003139209
Janowo,0.0002658371
Kozłowo,0.0005812262
Biskupiec,0.0008852366
Grodziczno,0.0005874661
Kurzętnik,0.000827059
Nowe Miasto Lubawskie,0.0007381407
Kowale Oleckie,0.0004988231
Świętajno,0.000366501
Wieliczki,0.0003187843
Dywity,0.0009591975
Gietrzwałd,0.0005523209
Jonkowo,0.000608755
Kolno,0.0003140126
Purda,0.0007485099
Stawiguda,0.000590953
Świątki,0.0003876065
Dąbrówno,0.0004150436
Grunwald,0.00053562
Łukta,0.000412566
Małdyty,0.0005984776
Ostróda,0.0014529737
Dźwierzuty,0.0006256394
Jedwabno,0.0003395227
Rozogi,0.000533693
Szczytno,0.0010741764
Świętajno,0.0005612219
Wielbark,0.0006023316
Banie Mazurskie,0.0003640234
Dubeninki,0.0002874014
Budry,0.000275564
Pozezdrze,0.0003157561
Gnojno,0.0004243116
Nowy Korczyn,0.0005862731
Pacanów,0.0007184117
Solec-Zdrój,0.000469826
Stopnica,0.0007282303
Tuczępy,0.0003523695
Wiślica,0.0005302978
Imielno,0.0004115566
Nagłowice,0.0004790023
Oksa,0.0004399113
Słupia (Jędrzejowska),0.0004044908
Sobków,0.0007746624
Wodzisław,0.0006862029
Bejsce,0.0003967828
Czarnocin,0.0003724656
Opatowiec,0.0003227301
Bieliny,0.0009277229
Górno,0.0012412767
Łagów,0.0006422485
Łopuszno,0.0008310048
Masłów,0.0009477272
Miedziana Góra,0.0009824135
Mniów,0.0008617453
Morawica,0.0013490981
Nowa Słupia,0.0008978082
Piekoszów,0.0014554513
Pierzchnica,0.0004409207
Raków,0.0005366294
Sitkówka-Nowiny,0.0006826242
Strawczyn,0.000934238
Zagnańsk,0.0011809885
Fałków,0.000437342
Gowarczów,0.0004345891
Radoszyce,0.0008494491
Ruda Maleniecka,0.000302267
Słupia (Konecka),0.0003229136
Smyków,0.0003456708
Baćkowice,0.0004697343
Iwaniska,0.0006411473
Lipnik,0.0005208462
Sadowie,0.0003852206
Tarłów,0.0005121287
Wojciechowice,0.0003993521
Bałtów,0.0003505343
Bodzechów,0.0012594457
Waśniów,0.0006539024
Kije,0.0004153189
Michałów,0.0004432148
Złota,0.0004390855
Dwikozy,0.0008377035
Klimontów,0.0007876009
Łoniów,0.000688864
Obrazów,0.0006142608
Samborzec,0.0008086146
Wilczyce,0.0003533789
Bliżyn,0.0007819116
Łączna,0.0004897386
Skarżysko Kościelne,0.0005772804
Brody,0.0010245327
Mirzec,0.0007749376
Pawłów,0.0014058075
Bogoria,0.0007318091
Łubnice,0.0003999027
Oleśnica,0.0003642987
Rytwiany,0.000590953
Szydłów,0.0004442242
Kluczewsko,0.0004845081
Krasocin,0.0009944345
Moskorzew,0.0002572114
Radków,0.0002362895
Secemin,0.0004585392
Bobrowniki,0.0010688542
Mierzęcice,0.0006917087
Psary,0.0010628896
Bestwina,0.0009950768
Buczkowice,0.0010009497
Jasienica,0.0020304376
Jaworze,0.000622703
Kozy,0.0011260225
Porąbka,0.0014035135
Wilkowice,0.0011880542
Brenna,0.000991131
Chybie,0.0008623877
Dębowiec,0.0005146981
Goleszów,0.0011625441
Hażlach,0.0009530494
Istebna,0.0010790399
Zebrzydowice,0.0011894306
Dąbrowa Zielona,0.0003721903
Janów,0.0005482833
Kamienica Polska,0.0005117617
Kłomnice,0.0012672456
Konopiska,0.0009736043
Kruszyna,0.0004522075
Lelów,0.0004653296
Mstów,0.0009697503
Mykanów,0.0013357925
Olsztyn,0.0007220822
Poczesna,0.0011729133
Przyrów,0.0003644822
Rędziny,0.0009188219
Starcza,0.0002561102
Gierałtowice,0.0010161823
Pilchowice,0.0010096671
Rudziniec,0.0009709432
Wielowieś,0.0005444293
Lipie,0.000594073
Miedźno,0.0006967557
Opatów,0.0006319711
Panki,0.0004690919
Popów,0.0005560831
Przystajń,0.0005507609
Wręczyca Wielka,0.0016065848
Boronów,0.0003059375
Ciasna,0.0007176776
Herby,0.0006398627
Kochanowice,0.0006195831
Koszęcin,0.0010777552
Pawonków,0.0006004964
Ornontowice,0.0005260767
Wyry,0.0006560129
Niegowa,0.0005273614
Poraj,0.0009970956
Goczałkowice-Zdrój,0.0006025152
Kobiór,0.00044817
Miedźna,0.0014730697
Pawłowice,0.0016442075
Suszec,0.0010570168
Kornowac,0.0004533087
Krzyżanowice,0.0010491252
Nędza,0.0006635375
Pietrowice Wielkie,0.000644359
Rudnik,0.0004734048
Gaszowice,0.0008354094
Jejkowice,0.0003611788
Lyski,0.0008677099
Świerklany,0.0010707812
Krupski Młyn,0.0003091492
Ożarowice,0.0005076323
Świerklaniec,0.0010468311
Tworóg,0.0007383242
Zbrosławice,0.0014364564
Bojszowy,0.0006467449
Chełm Śląski,0.0005526879
Godów,0.0011996163
Gorzyce,0.0018745324
Lubomia,0.0007419948
Marklowice,0.0004923079
Mszana,0.0006700527
Irządze,0.0002579455
Kroczyce,0.0005794827
Włodowice,0.0004836822
Żarnowiec,0.0004430313
Czernichów,0.0006143526
Gilowice,0.0005484668
Jeleśnia,0.0012467824
Koszarawa,0.0002264708
Lipowa,0.0009325863
Łękawica,0.0004061426
Łodygowice,0.00125394
Milówka,0.0009275393
Radziechowy-Wieprz,0.0011824567
Rajcza,0.000847155
Ślemień,0.0003177749
Świnna,0.0007376819
Ujsoły,0.0004343138
Węgierska Górka,0.0013802975
Branice,0.000652893
Borzytuchom,0.0002710676
Czarna Dąbrówka,0.0005281872
Kołczygłowy,0.0003925617
Lipnica,0.0004652379
Parchowo,0.0003276853
Studzienice,0.0003234642
Trzebielino,0.0003477814
Tuchomie,0.0003817336
Chojnice,0.001602639
Konarzyny,0.0002089441
Człuchów,0.0009719526
Koczała,0.0003269512
Przechlewo,0.0005803085
Rzeczenica,0.0003418168
Cedry Wielkie,0.0006182984
Kolbudy,0.0013173481
Pruszcz Gdański,0.0019648271
Przywidz,0.000515891
Pszczółki,0.0007779658
Suchy Dąb,0.0003784302
Trąbki Wielkie,0.0009619504
Chmielno,0.0006476625
Przodkowo,0.0007237339
Sierakowice,0.0016506309
Somonino,0.0009010199
Stężyca,0.0008787215
Sulęczyno,0.0004696425
Dziemiany,0.0003854042
Karsin,0.0005651677
Kościerzyna,0.0013670836
Liniewo,0.0004244034
Lipusz,0.0003276853
Nowa Karczma,0.0006110491
Stara Kiszewa,0.0006053598
Gardeja,0.0007779658
Kwidzyn,0.0010082907
Ryjewo,0.0005461727
Sadlinki,0.0005385564
Cewice,0.000672622
Nowa Wieś Lęborska,0.0012122796
Wicko,0.0005423187
Lichnowy,0.0004420219
Malbork,0.0004133918
Miłoradz,0.0003118103
Stare Pole,0.0004336714
Ostaszewo,0.0003014411
Stegna,0.0009107467
Sztutowo,0.0003357604
Kosakowo,0.0009380921
Krokowa,0.0009607575
Puck,0.0021952437
Damnica,0.0005748028
Dębnica Kaszubska,0.0009013869
Główczyce,0.0008830343
Kobylnica,0.0009766325
Potęgowo,0.0006592246
Słupsk,0.001425353
Smołdzino,0.0003170408
Ustka,0.0007335526
Bobowo,0.0002787757
Kaliska,0.000480654
Lubichowo,0.0005641583
Osieczna,0.0002699664
Osiek,0.0002262873
Skórcz,0.0004269727
Smętowo Graniczne,0.0004914821
Starogard Gdański,0.0013625872
Zblewo,0.0010291209
Morzeszczyn,0.0003453038
Subkowy,0.0004943267
Tczew,0.0011782356
Choczewo,0.0005247002
Gniewino,0.0006554624
Linia,0.0005487421
Luzino,0.0013078965
Łęczyce,0.0010783058
Szemud,0.0013825915
Wejherowo,0.0019671212
Mikołajki Pomorskie,0.0003463132
Stary Dzierzgoń,0.0003838442
Stary Targ,0.0005953577
Augustów,0.000631237
Bargłów Kościelny,0.0005330507
Nowinka,0.0002716182
Płaska,0.0002361059
Sztabin,0.0004982725
Dobrzyniewo Duże,0.0007796176
Gródek,0.0005226814
Juchnowiec Kościelny,0.00134139
Poświętne,0.0003408992
Turośń Kościelna,0.0005257096
Zawady,0.0002707005
Bielsk Podlaski,0.0006593164
Boćki,0.0004404619
Brańsk,0.0005787486
Orla,0.0002851073
Rudka,0.0001875634
Wyszki,0.0004383513
Grajewo,0.000556909
Radziłów,0.0004652379
Wąsosz,0.0003643905
Białowieża,0.0002111464
Czeremcha,0.0003224548
Czyże,0.0002166522
Dubicze Cerkiewne,0.0001644391
Hajnówka,0.0003740256
Narew,0.0003612705
Narewka,0.0003576918
Grabowo,0.0003366781
Kolno,0.0008152216
Mały Płock,0.0004648708
Turośl,0.0004768918
Łomża,0.0009784677
Miastkowo,0.0004008203
Piątnica,0.0009869099
Przytuły,0.0002016031
Śniadowo,0.0005156157
Wizna,0.000400545
Zbójna,0.000405959
Jasionówka,0.0002750134
Jaświły,0.0005006584
Krypno,0.0003776961
Trzcianne,0.0004244034
Giby,0.0002682229
Krasnopol,0.0003656751
Puńsk,0.0004006368
Sejny,0.0003813666
Dziadkowice,0.0002763898
Grodzisk,0.0004252293
Mielnik,0.0002380329
Milejczyce,0.0001932527
Nurzec-Stacja,0.000400178
Perlejewo,0.0002828132
Siemiatycze,0.0005876496
Janów,0.0004080696
Korycin,0.000320069
Kuźnica,0.0003957734
Nowy Dwór,0.0002640018
Sidra,0.0003439273
Szudziałowo,0.0003018999
Bakałarzewo,0.0002843732
Filipów,0.0004221093
Jeleniewo,0.0002901543
Przerośl,0.0002820791
Raczki,0.0005625983
Rutka-Tartak,0.0002267461
Suwałki,0.0006590411
Szypliszki,0.0003660422
Wiżajny,0.0002293155
Klukowo,0.0004239446
Kobylin-Borzymy,0.0003205278
Kulesze Kościelne,0.0003029093
Nowe Piekuty,0.000377329
Sokoły,0.0005487421
Wysokie Mazowieckie,0.0004936844
Kołaki Kościelne,0.0002230756
Rutki,0.0005490174
Szumowo,0.0004577133
Zambrów,0.0008191674
Czarna,0.000222158
Lutowiska,0.0001982996
Domaradz,0.0005653512
Dydnia,0.0007545663
Haczów,0.0008569737
Jasienica Rosielna,0.0006979486
Nozdrzec,0.0007820952
Czarna,0.0011700687
Dębica,0.002286456
Jodłowa,0.0005021266
Żyraków,0.0012507283
Chłopice,0.0005150651
Jarosław,0.0011874119
Laszki,0.0006458273
Pawłosiów,0.0007658531
Radymno,0.0010559156
Rokietnica,0.0004015544
Roźwienica,0.000578198
Wiązownica,0.0010510522
Brzyska,0.0005865484
Dębowiec,0.0007866833
Jasło,0.0014895871
Krempna,0.0001843517
Nowy Żmigród,0.0008600936
Osiek Jasielski,0.0004945102
Skołyszyn,0.001142448
Tarnowiec,0.0008416493
Cmolas,0.0007394254
Majdan Królewski,0.0009112055
Niwiska,0.0005512197
Raniżów,0.0006610599
Dzikowiec,0.000597927
Chorkówka,0.0012366885
Korczyna,0.0010096671
Krościenko Wyżne,0.0004979055
Miejsce Piastowe,0.0012437543
Wojaszówka,0.0008438516
Jaśliska,0.0001927021
Grodzisko Dolne,0.0007449312
Kuryłówka,0.0005252508
Leżajsk,0.0018343403
Horyniec-Zdrój,0.0004595486
Lubaczów,0.0008421998
Stary Dzików,0.0004076108
Wielkie Oczy,0.0003619129
Białobrzegi,0.000764752
Czarna,0.0010195775
Łańcut,0.0019272961
Markowa,0.0006092139
Rakszawa,0.0006649139
Żołynia,0.0006291264
Borowa,0.000515891
Czermin,0.0006403215
Gawłuszowice,0.0002602396
Mielec,0.0011751156
Padew Narodowa,0.0004977219
Tuszów Narodowy,0.0007159341
Wadowice Górne,0.0006871206
Harasiuki,0.0005815932
Jarocin,0.000503136
Jeżowe,0.0009263464
Krzeszów,0.0003971498
Bircza,0.0006165549
Dubiecko,0.0008759686
Fredropol,0.000512037
Krasiczyn,0.0004545934
Krzywcza,0.0004526664
Medyka,0.0005860896
Orły,0.0007965019
Przemyśl,0.000909462
Stubno,0.000375402
Żurawica,0.0011771344
Adamówka,0.000385863
Gać,0.0004273398
Jawornik Polski,0.0004282574
Przeworsk,0.0013524933
Tryńcza,0.0007663119
Zarzecze,0.0006577564
Iwierzyce,0.0006906993
Ostrów,0.0006481213
Wielopole Skrzyńskie,0.0007746624
Chmielnik,0.000611875
Dynów,0.0006557376
Hyżne,0.0006396791
Kamień,0.0006414226
Krasne,0.0009446072
Lubenia,0.0005986611
Świlcza,0.0014611406
Trzebownisko,0.0018326885
Besko,0.0004030226
Bukowsko,0.0005008419
Komańcza,0.0004699178
Sanok,0.0016024554
Tyrawa Wołoska,0.0001819658
Zarszyn,0.000855689
Bojanów,0.0006795042
Pysznica,0.000933871
Radomyśl nad Sanem,0.0006806972
Zaklików,0.0008011818
Zaleszany,0.0009953521
Czudec,0.001078214
Frysztak,0.000969475
Niebylec,0.0009813124
Wiśniowa,0.0007750294
Gorzyce,0.0012512788
Grębów,0.000898634
Baligród,0.0002944671
Cisna,0.0001589333
Olszanica,0.0004623015
Solina,0.0004865269
Bierawa,0.0007127224
Cisek,0.0005511279
Pawłowiczki,0.0007430042
Polska Cerekiew,0.0004049497
Reńska Wieś,0.0007584203
Lasowice Wielkie,0.0006486719
Strzeleczki,0.0006950122
Walce,0.000517451
Domaszowice,0.000343652
Pokój,0.0004992819
Świerczów,0.0003281441
Wilków,0.0004270645
Kamiennik,0.000341358
Łambinowice,0.0007232751
Pakosławice,0.0003454873
Skoroszyce,0.0005926048
Radłów,0.0004127495
Rudniki,0.0007655778
Zębowice,0.0003507178
Chrząstowice,0.0006132514
Dąbrowa,0.0008697287
Dobrzeń Wielki,0.0013191834
Komprachcice,0.0010060884
Łubniany,0.0008722981
Murów,0.0005164416
Popielów,0.0007582368
Tarnów Opolski,0.0008923024
Tułowice,0.0004834987
Turawa,0.000883952
Lubrza,0.0004064179
Izbicko,0.0004921244
Jemielnica,0.0006595917
Promna,0.0005219473
Radzanów,0.0003620964
Stara Błotnica,0.0004791858
Stromiec,0.000528279
Ciechanów,0.000606828
Gołymin-Ośrodek,0.0003678774
Grudusk,0.0003593435
Ojrzeń,0.0004009121
Opinogóra Górna,0.0005473657
Regimin,0.0004647791
Sońsk,0.000732635
Borowie,0.0004801952
Garwolin,0.0011536431
Górzno,0.0005784733
Łaskarzew,0.0004990984
Maciejowice,0.0006705115
Miastków Kościelny,0.0004632191
Parysów,0.0003776043
Sobolew,0.0007640179
Trojanów,0.0006957463
Wilga,0.000491115
Gostynin,0.0011201497
Pacyna,0.0003504425
Sanniki,0.0005936142
Szczawin Kościelny,0.0004742306
Baranów,0.0004556945
Jaktorów,0.0009920487
Żabia Wola,0.0006775772
Belsk Duży,0.0006131597
Błędów,0.0007179529
Chynów,0.0008845025
Goszczyn,0.0002734534
Jasieniec,0.0004974467
Pniewy,0.0004319279
Garbatka-Letnisko,0.0004858845
Głowaczów,0.0006882217
Gniewoszów,0.000380449
Grabów nad Pilicą,0.0003603529
Magnuszew,0.0006185737
Sieciechów,0.0003777878
Jabłonna,0.0015075726
Nieporęt,0.0011817226
Wieliszew,0.0010425182
Chotcza,0.000233353
Ciepielów,0.0005369965
Rzeczniów,0.0004295421
Sienno,0.0005690217
Solec nad Wisłą,0.0004958867
Huszlew,0.0002772157
Olszanka,0.0002873096
Platerów,0.0004788188
Sarnaki,0.0004661555
Stara Kornica,0.000465972
Czerwonka,0.0002454657
Karniewo,0.0004966208
Krasnosielc,0.0006102232
Młynarze,0.0001626038
Płoniawy-Bramura,0.0005339683
Rzewnie,0.0002521644
Sypniewo,0.0003212619
Szelków,0.0003490661
Cegłów,0.000573151
Dębe Wielkie,0.0008389881
Dobre,0.0005521373
Jakubów,0.0004634026
Latowicz,0.00050543
Mińsk Mazowiecki,0.00128257
Mrozy,0.0008033841
Siennica,0.0006714291
Stanisławów,0.0005961835
Dzierzgowo,0.0003114433
Lipowiec Kościelny,0.0004602827
Radzanów,0.0003317229
Strzegowo,0.0007285974
Stupsk,0.000469459
Szreńsk,0.0004169706
Szydłowo,0.0004349561
Wieczfnia Kościelna,0.000391644
Wiśniewo,0.0004957949
Czosnów,0.0008635806
Leoncin,0.0004929503
Pomiechówek,0.0008207273
Baranowo,0.0006298605
Czarnia,0.0002534491
Czerwin,0.0004760659
Goworowo,0.0007992548
Kadzidło,0.001051144
Lelis,0.0008107252
Łyse,0.0007698907
Olszewo-Borki,0.0009203818
Rzekuń,0.0008846861
Troszyn,0.0004519323
Andrzejewo,0.0004089872
Boguty-Pianki,0.0002611572
Małkinia Górna,0.0011214343
Nur,0.0002806109
Ostrów Mazowiecka,0.0011864942
Stary Lubotyń,0.0003631058
Szulborze Wielkie,0.0001677426
Wąsewo,0.0004182553
Zaręby Kościelne,0.0003543883
Celestynów,0.0010469229
Kołbiel,0.0007401595
Osieck,0.0003208031
Sobienie-Jeziory,0.0005804921
Wiązowna,0.0010126953
Lesznowola,0.0019078423
Prażmów,0.0008849614
Bielsk,0.0008388046
Bodzanów,0.0007723683
Brudzeń Duży,0.0007454818
Bulkowo,0.0005369965
Łąck,0.0004769835
Mała Wieś,0.0005758122
Nowy Duninów,0.0003664092
Radzanowo,0.000736856
Słubice,0.0004241281
Słupno,0.0006052681
Stara Biała,0.0010081072
Staroźreby,0.0006955627
Baboszewo,0.0007517216
Czerwińsk nad Wisłą,0.0007269457
Dzierzążnia,0.0003573247
Joniec,0.0002395012
Naruszewo,0.0006090303
Nowe Miasto,0.0004416548
Płońsk,0.0006821654
Raciąż,0.0008114593
Sochocin,0.0005477327
Załuski,0.0005245167
Michałowice,0.0015375791
Nadarzyn,0.0010761952
Raszyn,0.001933903
Czernice Borowe,0.0003621881
Jednorożec,0.0006778525
Krasne,0.00035604
Krzynowłoga Mała,0.0003353016
Przasnysz,0.0006818901
Borkowice,0.00041954
Gielniów,0.0004374337
Klwów,0.0003229136
Odrzywół,0.0003731997
Potworów,0.0003968745
Rusinów,0.0004038485
Wieniawa,0.0005025854
Gzy,0.0003648493
Obryte,0.0004475276
Pokrzywnica,0.0004464265
Świercze,0.0004362408
Winnica,0.0003764114
Zatory,0.0004404619
Gózd,0.0007636508
Jastrzębia,0.0006125173
Jedlińsk,0.0012773395
Jedlnia-Letnisko,0.0011137263
Kowala,0.0010526122
Pionki,0.0009175372
Przytyk,0.0006629869
Wierzbica,0.0009289158
Wolanów,0.0007840222
Zakrzew,0.0011053758
Domanice,0.0002477598
Korczew,0.0002687735
Kotuń,0.0007871421
Mokobody,0.0004768
Paprotnia,0.0002540915
Przesmyki,0.0003286947
Siedlce,0.0015438189
Skórzec,0.0006875794
Suchożebry,0.0004372502
Wiśniew,0.0005437869
Wodynie,0.0004308268
Zbuczyn,0.0009302005
Gozdowo,0.0005611301
Mochowo,0.0005660853
Rościszewo,0.0003917358
Sierpc,0.0006452767
Szczutowo,0.0004082531
Zawidz,0.0006434414
Brochów,0.0003943052
Iłów,0.0005799415
Młodzieszyn,0.000512037
Nowa Sucha,0.0005768216
Rybno,0.0003177749
Sochaczew,0.0008924859
Teresin,0.0010373795
Bielany,0.0003492496
Ceranów,0.0002216992
Jabłonna Lacka,0.0004537675
Repki,0.0005280955
Sabnie,0.0003647575
Sokołów Podlaski,0.0005608548
Sterdyń,0.0004096296
Chlewiska,0.0005717746
Jastrząb,0.0004811129
Mirów,0.0003585176
Orońsko,0.0005433281
Izabelin,0.000937725
Kampinos,0.0003865053
Leszno,0.0008907424
Stare Babice,0.001558134
Grębków,0.0004225681
Korytnica,0.0006088468
Liw,0.0006998756
Miedzna,0.0003765949
Sadowne,0.0005665441
Stoczek,0.0004836822
Wierzbno,0.0002781333
Dąbrówka,0.0006940945
Jadów,0.0007067578
Klembów,0.0008532114
Poświętne,0.000551862
Strachówka,0.0002683147
Brańszczyk,0.0007795258
Długosiodło,0.0007280468
Rząśnik,0.0006375686
Somianka,0.0005102017
Zabrodzie,0.0005258014
Kazanów,0.0004311021
Policzna,0.0005363541
Przyłęk,0.0005910448
Tczów,0.0004503723
Kuczbork-Osada,0.000452024
Lubowidz,0.000660234
Lutocin,0.0004234858
Siemiątkowo,0.0003396145
Puszcza Mariańska,0.0007694319
Radziejowice,0.0004763412
Wiskitki,0.0009035892
Bełchatów,0.0009321275
Drużbice,0.000462485
Kleszczów,0.0004344973
Kluki,0.0003831101
Rusiec,0.0004780847
Szczerców,0.0007341032
Bochnia,0.0017254177
Drwinia,0.0005930636
Lipnica Murowana,0.0005094676
Łapanów,0.0007084095
Rzezawa,0.0010053543
Trzciana,0.0004784517
Żegocina,0.0004743224
Borzęcin,0.0007713589
Dębno,0.0013138611
Gnojnik,0.0007035461
Iwkowa,0.0005689299
Szczurowa,0.0008964317
Babice,0.000822012
Bolesław,0.0002606066
Gręboszów,0.0003213537
Mędrzechów,0.0003268594
Olesno,0.000720614
Radgoszcz,0.0006750079
Gorlice,0.0015523529
Lipinki,0.0006252724
Łużna,0.0007675966
Moszczenica,0.0004456006
Ropa,0.0004852422
Sękowa,0.0004488123
Uście Gorlickie,0.0006073786
Czernichów,0.0012507283
Igołomia-Wawrzeńczyce,0.0007119883
Iwanowice,0.0007847563
Jerzmanowice-Przeginia,0.0009754396
Kocmyrzów-Luborzyca,0.0012960591
Liszki,0.0014846319
Michałowice,0.0008466962
Mogilany,0.0011467609
Sułoszowa,0.0005347941
Wielka Wieś,0.0009509389
Zabierzów,0.0022224973
Zielonki,0.0017050463
Dobra,0.0008875307
Jodłownik,0.0007583286
Kamienica,0.0007017109
Laskowa,0.0007166682
Limanowa,0.0022037777
Łukowica,0.0008845025
Mszana Dolna,0.0015649244
Niedźwiedź,0.0006538106
Słopnice,0.0005748028
Tymbark,0.0005860896
Charsznica,0.0007103366
Gołcza,0.0005720499
Kozłów,0.0004442242
Książ Wielki,0.0004913903
Racławice,0.0002300496
Słaboszów,0.0003472308
Lubień,0.0008918436
Pcim,0.000987644
Raciechowice,0.0005541561
Siepraw,0.0007557592
Tokarnia,0.0007779658
Wiśniowa,0.0006466531
Chełmiec,0.0024197875
Gródek nad Dunajcem,0.0008353176
Grybów,0.0021868015
Kamionka Wielka,0.0008943212
Korzenna,0.0012713749
Łabowa,0.0005144228
Łącko,0.0014430633
Łososina Dolna,0.0009573623
Nawojowa,0.0007480511
Podegrodzie,0.00113006
Rytro,0.0003474143
Czarny Dunajec,0.0020081392
Czorsztyn,0.0006767513
Jabłonka,0.0016248456
Krościenko nad Dunajcem,0.0006098562
Lipnica Wielka,0.0005420434
Łapsze Niżne,0.000830546
Nowy Targ,0.0021263298
Ochotnica Dolna,0.0007571356
Raba Wyżna,0.00131276
Spytkowice,0.0003977921
Szaflary,0.0009726867
Bolesław,0.0007253857
Klucze,0.0014007606
Trzyciąż,0.0006539024
Osiek,0.0007383242
Oświęcim,0.0016069518
Polanka Wielka,0.0003899005
Przeciszów,0.0006197666
Koniusza,0.00080577
Koszyce,0.000526719
Pałecznica,0.0003381463
Radziemice,0.0003183255
Budzów,0.0007906291
Bystra-Sidzina,0.0006148114
Jordanów,0.0009893875
Stryszawa,0.0010834445
Zawoja,0.0008355929
Zembrzyce,0.0005171757
Gromnik,0.0007982454
Lisia Góra,0.0013203763
Pleśna,0.0010881244
Rzepiennik Strzyżewski,0.0006295852
Skrzyszów,0.0012461401
Tarnów,0.0022336924
Wierzchosławice,0.0009715855
Wietrzychowice,0.000377329
Szerzyny,0.0007425453
Biały Dunajec,0.0006413309
Bukowina Tatrzańska,0.0011822731
Kościelisko,0.0007752129
Poronin,0.0010272856
Brzeźnica,0.0009091868
Lanckorona,0.0005576431
Mucharz,0.0003651246
Spytkowice,0.0009275393
Stryszów,0.0006231618
Tomice,0.0007044637
Wieprz,0.0010939055
Biskupice,0.0008503667
Gdów,0.0015637315
Kłaj,0.000948186
Bedlno,0.000542961
Dąbrowice,0.0001864622
Krzyżanów,0.0004067849
Kutno,0.000791455
Łanięta,0.0002371153
Nowe Ostrowy,0.0003427344
Oporów,0.0002473928
Strzelce,0.0003776043
Buczek,0.0004545934
Sędziejowice,0.0005875578
Widawa,0.0007065743
Wodzierady,0.0002959353
Daszyna,0.0003759526
Góra Świętej Małgorzaty,0.000412566
Grabów,0.0005833367
Łęczyca,0.0007869586
Piątek,0.0005787486
Świnice Warckie,0.0003766867
Witonia,0.0003187843
Bielawy,0.0005294719
Chąśno,0.0002821709
Domaniewice,0.0004260551
Kiernozia,0.0003292453
Kocierzew Południowy,0.0004070602
Łowicz,0.0006895982
Łyszkowice,0.0006231618
Nieborów,0.00086459
Zduny,0.000551495
Andrespol,0.0011650217
Brójce,0.0005502103
Nowosolna,0.0003891664
Białaczów,0.0005523209
Mniszków,0.0004353232
Paradyż,0.0004101801
Poświętne,0.0003046528
Sławno,0.0006913416
Żarnów,0.0005625065
Dłutów,0.0003954063
Dobroń,0.0006606011
Ksawerów,0.0006843677
Lutomiersk,0.0007017109
Pabianice,0.0005857226
Kiełczygłów,0.0003913687
Nowa Brzeźnica,0.0004408289
Rząśnia,0.00044661
Siemkowice,0.0004473441
Strzelce Wielkie,0.0004369749
Sulmierzyce,0.0004222011
Aleksandrów,0.0004058673
Czarnocin,0.000375402
Gorzkowice,0.0007982454
Grabica,0.0005598454
Łęki Szlacheckie,0.0003399815
Moszczenica,0.0011870448
Ręczno,0.0003339252
Rozprza,0.0011179473
Wola Krzysztoporska,0.001077847
Dalików,0.0003522778
Pęczniew,0.0003284194
Wartkowice,0.0005813179
Zadzim,0.0004781764
Dobryszyce,0.0003961404
Gidle,0.0005904025
Gomunice,0.0005536973
Kobiele Wielkie,0.0004092625
Kodrąb,0.0004374337
Lgota Wielka,0.0004020132
Ładzice,0.0004495464
Masłowice,0.0003965992
Radomsko,0.0005185521
Wielgomłyny,0.0004463347
Żytno,0.0004991901
Cielądz,0.0003762279
Rawa Mazowiecka,0.0007925561
Regnów,0.0001705872
Sadkowice,0.0005225897
Brąszewice,0.0004111895
Brzeźnio,0.0005790239
Burzenin,0.0005188274
Goszczanów,0.000525159
Klonowa,0.0002760228
Sieradz,0.0009378168
Wróblew,0.0005632406
Bolimów,0.0003758608
Głuchów,0.0005453469
Godzianów,0.0002426211
Kowiesy,0.0002750134
Lipce Reymontowskie,0.0003044693
Maków,0.000549568
Nowy Kawęczyn,0.000307681
Skierniewice,0.0006638128
Słupia,0.0002466587
Będków,0.0003158479
Budziszewice,0.0002073841
Czerniewice,0.0004772588
Inowłódz,0.0003613623
Lubochnia,0.0006952875
Rokiciny,0.0005608548
Rzeczyca,0.0004467935
Tomaszów Mazowiecki,0.000964428
Ujazd,0.0007252939
Żelechlinek,0.000311535
Biała,0.0005126793
Czarnożyły,0.0004186223
Konopnica,0.0003575082
Mokrsko,0.0004950608
Osjaków,0.0004393607
Ostrówek,0.0004231187
Pątnów,0.0006015975
Skomlin,0.0003131868
Wierzchlas,0.0006047175
Bolesławiec,0.0003761361
Czastary,0.0003653081
Galewice,0.0005729675
Lututów,0.0004299092
Łubnice,0.0003814584
Sokolniki,0.0004491794
Zapolice,0.0004460594
Zduńska Wola,0.001074727
Głowno,0.00044817
Ozorków,0.0006257312
Parzęczew,0.0004704684
Zgierz,0.0011476785
Brzeziny,0.0005051547
Dmosin,0.0004225681
Jeżów,0.0003246571
Rogów,0.0004375255
Bogdaniec,0.0006450931
Deszczno,0.0007752129
Kłodawa,0.0006887723
Lubiszyn,0.000633164
Santok,0.0007222657
Bobrowice,0.0002974035
Bytnica,0.0002402353
Dąbie,0.0004651461
Gubin,0.0006825324
Maszewo,0.0002713429
Bledzew,0.0004229352
Przytoczna,0.0005180015
Pszczew,0.0003914605
Kolsko,0.0003014411
Nowa Sól,0.0006152702
Otyń,0.000608388
Siedlisko,0.0003330075
Górzyca,0.0003922864
Stare Kurowo,0.0003873312
Zwierzyn,0.0004082531
Krzeszyce,0.0004298174
Słońsk,0.000444683
Lubrza,0.0003224548
Łagów,0.0004823058
Skąpe,0.0004770753
Szczaniec,0.0003607199
Bojadła,0.0003088739
Świdnica,0.0005648006
Trzebiechów,0.0003062128
Zabór,0.0003510848
Zielona Góra,0.0016973383
Brzeźnica,0.000353746
Niegosławice,0.0004276151
Wymiarki,0.0002271132
Żagań,0.000651333
Brody,0.0003276853
Lipinki Łużyckie,0.0002999729
Przewóz,0.0002989635
Trzebiel,0.00053874
Tuplice,0.0002995141
Żary,0.0010996865
Biała Podlaska,0.0012321004
Drelów,0.0005093758
Janów Podlaski,0.0005112111
Kodeń,0.0003509931
Konstantynów,0.0003799901
Leśna Podlaska,0.0003983427
Łomazy,0.0004831316
Międzyrzec Podlaski,0.0009661715
Piszczac,0.0006909746
Rokitno,0.0002941918
Rossosz,0.0002194051
Sławatycze,0.0002340871
Sosnówka,0.0002444564
Terespol,0.0006394956
Tuczna,0.0003091492
Wisznice,0.0004803788
Zalesie,0.0004104554
Aleksandrów,0.0002996976
Biłgoraj,0.0011845672
Biszcza,0.0003545718
Goraj,0.0003981592
Księżpol,0.0006305946
Łukowa,0.0003990768
Obsza,0.0004006368
Potok Górny,0.000510844
Tereszpol,0.000366501
Turobin,0.0006111409
Białopole,0.0002946507
Chełm,0.0012586199
Dorohusk,0.0006291264
Dubienka,0.0002304166
Kamień,0.0003746679
Leśniowice,0.0003576
Rejowiec Fabryczny,0.000411006
Ruda-Huta,0.0004399113
Sawin,0.0005235073
Siedliszcze,0.0006494978
Wierzbica,0.0005012089
Wojsławice,0.0003726491
Żmudź,0.0003030928
Rejowiec,0.0006139855
Dołhobyczów,0.0005536973
Horodło,0.0005169004
Hrubieszów,0.0009760819
Mircze,0.0007106119
Trzeszczany,0.0004277069
Uchanie,0.0004563369
Werbkowice,0.0009257041
Batorz,0.0003197937
Chrzanów,0.0002819874
Dzwola,0.0006043504
Godziszów,0.0005663606
Modliborzyce,0.000667208
Potok Wielki,0.0004518405
Fajsławice,0.00044505
Gorzków,0.0003477814
Izbica,0.0007948502
Krasnystaw,0.0008232967
Kraśniczyn,0.0003746679
Łopiennik Górny,0.0003833854
Rudnik,0.0003073139
Siennica Różana,0.0003911852
Żółkiewka,0.0005346106
Dzierzkowice,0.0004964373
Gościeradów,0.0006787701
Kraśnik,0.000676109
Szastarka,0.0005524126
Trzydnik Duży,0.0006283005
Urzędów,0.0008152216
Wilkołaz,0.0005047877
Zakrzówek,0.0006286676
Abramów,0.0003901758
Firlej,0.0005558079
Jeziorzany,0.0002745546
Kamionka,0.0005908613
Lubartów,0.0009951686
Michów,0.000567737
Niedźwiada,0.0005804921
Ostrówek,0.0003724656
Serniki,0.0004474359
Uścimów,0.0003095162
Borzechów,0.0003494331
Garbów,0.0008226544
Głusk,0.0008169651
Jabłonna,0.0007229081
Jastków,0.0012090679
Konopnica,0.0011219849
Krzczonów,0.0004340385
Niedrzwica Duża,0.0010493087
Niemce,0.0016266808
Strzyżewice,0.0007048308
Wojciechów,0.0005455304
Wólka,0.0009524071
Wysokie,0.0004433065
Zakrzew,0.0002818956
Cyców,0.0007152918
Ludwin,0.0004776259
Milejów,0.0008593595
Puchaczów,0.0004784517
Spiczyn,0.0005046959
Adamów,0.0005414928
Krzywda,0.0009807618
Łuków,0.0015945638
Serokomla,0.0003915523
Stanin,0.0009068009
Stoczek Łukowski,0.0007657614
Trzebieszów,0.0007016191
Wojcieszków,0.0006519754
Wola Mysłowska,0.0004649626
Chodel,0.0006280253
Józefów nad Wisłą,0.0006403215
Karczmiska,0.0005353447
Łaziska,0.0004800117
Wilków,0.0004419301
Dębowa Kłoda,0.0003669598
Jabłoń,0.0003730162
Milanów,0.0003741173
Podedwórze,0.0001623286
Siemień,0.0004444995
Sosnowica,0.0002528068
Baranów,0.0003787972
Janowiec,0.0003375039
Końskowola,0.0008325647
Kurów,0.0007165764
Markuszów,0.0002798768
Puławy,0.0010682119
Wąwolnica,0.0004467935
Żyrzyn,0.0006049928
Borki,0.0005635159
Czemierniki,0.0004210082
Kąkolewnica,0.0007820952
Komarówka Podlaska,0.000419907
Radzyń Podlaski,0.0007393336
Ulan-Majorat,0.0005674617
Wohyń,0.0006555541
Kłoczew,0.0006873041
Nowodwór,0.0003924699
Stężyca,0.0004968043
Ułęż,0.0003104339
Mełgiew,0.0008208191
Rybczewice,0.0003399815
Trawniki,0.0008499997
Bełżec,0.0003193349
Jarczów,0.0003336499
Krynice,0.0003228219
Lubycza Królewska,0.0006098562
Rachanie,0.0005059806
Susiec,0.0007172188
Tarnawatka,0.0003729244
Telatyn,0.0004051332
Tomaszów Lubelski,0.0010190269
Ulhówek,0.0004679908
Hanna,0.0002889614
Hańsk,0.0003561318
Stary Brus,0.0002000431
Urszulin,0.0003798066
Włodawa,0.0005550737
Wola Uhruska,0.0003775125
Wyryki,0.0002549173
Adamów,0.0004528499
Grabowiec,0.0004069684
Komarów-Osada,0.0004936844
Łabunie,0.0005845296
Miączyn,0.0005702146
Nielisz,0.000535253
Radecznica,0.0005593866
Sitno,0.0006289429
Skierbieszów,0.00050699
Stary Zamość,0.0004995572
Sułów,0.0004475276
Zamość,0.0019889607
Chełmno,0.0005043289
Kijewo Królewskie,0.0004038485
Lisewo,0.0004839575
Papowo Biskupie,0.0004088955
Stolno,0.0004741389
Unisław,0.0006404132
Ciechocin,0.0003687951
Golub-Dobrzyń,0.0007654861
Radomin,0.0003698045
Zbójno,0.000405959
Grudziądz,0.0010753694
Gruta,0.0005996705
Rogóźno,0.0003841195
Świecie nad Osą,0.0004034814
Dąbrowa Biskupia,0.0004716613
Inowrocław,0.001037563
Rojewo,0.0004364243
Złotniki Kujawskie,0.0008410069
Bobrowniki,0.0002860249
Chrostkowo,0.0002807027
Kikół,0.0006723467
Lipno,0.0010686707
Tłuchowo,0.0004333044
Wielgie,0.0006243547
Dąbrowa,0.0004355985
Jeziora Wielkie,0.000466339
Sadki,0.0006679421
Bytoń,0.0003365863
Dobre,0.0005114864
Osięciny,0.0007421783
Radziejów,0.0004107307
Topólka,0.0004610168
Brzuze,0.0004941432
Rogowo,0.0004455089
Rypin,0.0006769349
Skrwilno,0.0005728758
Wąpielsk,0.0003789808
Sośno,0.0004732212
Bukowiec,0.0004764329
Dragacz,0.0006556459
Drzycim,0.0004629438
Jeżewo,0.0007285056
Lniano,0.0003871477
Osie,0.0004967125
Pruszcz,0.0008789968
Świekatowo,0.000323556
Warlubie,0.0006095809
Chełmża,0.0008844108
Czernikowo,0.0008148545
Lubicz,0.0016949524
Łubianka,0.0005795744
Łysomice,0.0008332071
Obrowo,0.0011717204
Wielka Nieszawka,0.0004261469
Zławieś Wielka,0.0011577724
Cekcyn,0.0006031575
Gostycyn,0.0004825811
Kęsowo,0.0004116483
Lubiewo,0.0005345189
Śliwice,0.0005130463
Dębowa Łąka,0.0002975871
Książki,0.0003926534
Płużnica,0.0004537675
Wąbrzeźno,0.0007856739
Baruchowo,0.0003288782
Boniewo,0.0003283276
Choceń,0.0007455735
Fabianki,0.0008647735
Kowal,0.0003665928
Lubanie,0.0004292668
Włocławek,0.000635458
Gąsawa,0.0004838657
Rogowo,0.0006372933
Jemielno,0.0002912554
Niechlów,0.0004755153
Męcinka,0.0004545016
Mściwojów,0.0003859547
Paszowice,0.0003650328
Wądroże Wielkie,0.0003757691
Janowice Wielkie,0.0003923781
Jeżów Sudecki,0.0006218771
Mysłakowice,0.0009357062
Podgórzyn,0.0007451147
Stara Kamienica,0.0004943267
Kamienna Góra,0.0008176074
Marciszów,0.0004324785
Kłodzko,0.0015808911
Lewin Kłodzki,0.0001819658
Nowa Ruda,0.0011261142
Chojnów,0.0008686276
Krotoszyce,0.0002919895
Kunice,0.0005416764
Legnickie Pole,0.0004704684
Miłkowice,0.0005771886
Ruja,0.0002501457
Lubań,0.0005978353
Platerówka,0.0001527852
Siekierczyn,0.0004229352
Lubin,0.0012340274
Rudna,0.0006926263
Cieszków,0.0004325703
Krośnice,0.0007549333
Dobroszyce,0.0005814097
Dziadowa Kłoda,0.0004236693
Oleśnica,0.0011325376
Domaniów,0.0004929503
Oława,0.001353778
Gaworzyce,0.0003606282
Grębocice,0.0004863433
Radwanice,0.0004246787
Borów,0.0004835905
Kondratowice,0.0004215587
Przeworno,0.0004700095
Kostomłoty,0.0006570223
Malczyce,0.0005597537
Miękinia,0.0012239335
Udanin,0.0005034112
Dobromierz,0.0004971714
Marcinowice,0.0005963671
Świdnica,0.0015025256
Wisznia Mała,0.0008551384
Zawonia,0.0005227732
Czarny Bór,0.0004442242
Stare Bogaczowice,0.0003902676
Walim,0.0005278202
Wińsko,0.0007962266
Czernica,0.0010846374
Długołęka,0.0022162574
Jordanów Śląski,0.0002856579
Kobierzyce,0.0015518941
Mietków,0.000352186
Żórawina,0.0008503667
Ciepłowody,0.0002877684
Kamieniec Ząbkowicki,0.0007900785
Stoszowice,0.0005090088
Sulików,0.0005643418
Zgorzelec,0.0007549333
Pielgrzymka,0.0004310103
Zagrodno,0.0005129546
Złotoryja,0.0006530765
