gastronomia,0.0416666667
sport,0.0416666667
nightlife,0.0416666667
natura,0.0416666667
historia,0.0416666667
kultura wyzsza,0.0416666667
gotowanie,0.0416666667
finanse,0.0416666667
wakacje,0.0416666667
kosmetyki,0.0416666667
motoryzacja,0.0416666667
moda,0.0416666667
teatr,0.0416666667
malarstwo,0.0416666667
kultura alternatywna,0.0416666667
finanse,0.0416666667
koncerty,0.0416666667
teatr,0.0416666667
tradycja,0.0416666667
kultura,0.0416666667
ogrodnictwo,0.0416666667
fotografia,0.0416666667
ksiazka,0.0416666667
gry,0.0416666667
